fitness_length,fitness_ml_metric
7,0.4456906
4,0.45523188
7,0.4456906
4,0.45523188
6,0.4468669
1,0.52967525
3,0.46372885
4,0.45523188
7,0.4456906
2,0.4909457
2,0.4909457
6,0.4468669
2,0.4909457
2,0.4909457
3,0.46372885
6,0.4468669
6,0.4468669
7,0.4456906
2,0.4909457
6,0.4468669
5,0.45222992
6,0.4468669
